dynamical_F_subnet_args_hidden_dim,dynamical_F_subnet_args_activation,solution_u_subnet_args_hidden_dim,solution_u_subnet_args_activation,spinn_enabled_dynamical_F,solution_u_args_layers_num,dynamical_F_subnet_args_output_dim,solution_u_args_hidden_dim,dynamical_F_args_dropout,dynamical_F_subnet_args_dropout,solution_u_args_dropout,model_id,dynamical_F_subnet_args_layers_num,solution_u_subnet_args_dropout,solution_u_args_activation,dynamical_F_args_activation,solution_u_subnet_args_layers_num,solution_u_subnet_args_output_dim,num_params,dynamical_F_args_hidden_dim,spinn_enabled_solution_u,dynamical_F_args_layers_num,mean_MAE,mean_MAPE,mean_RMSE
15.0,leaky-relu,15.0,leaky-relu,True,-1.0,10.0,-1.0,-1.0,0.0,-1.0,51,5.0,0.0,-1,-1,5.0,10.0,47372,-1.0,True,-1.0,0.006960549935077584,0.755073835,0.009331594663599016
23.0,sin,23.0,sin,True,-1.0,15.0,-1.0,-1.0,0.0,-1.0,2,5.0,0.0,-1,-1,5.0,15.0,107276,-1.0,True,-1.0,0.007002891041338444,0.7602198968331019,0.009405716478406637
23.0,sin,15.0,sin,True,-1.0,15.0,-1.0,-1.0,0.0,-1.0,4,3.0,0.0,-1,-1,5.0,10.0,49052,-1.0,True,-1.0,0.006903458309049408,0.7491038839022318,0.009415243470974872
23.0,leaky-relu,23.0,leaky-relu,True,-1.0,15.0,-1.0,-1.0,0.0,-1.0,81,5.0,0.0,-1,-1,5.0,15.0,107276,-1.0,True,-1.0,0.006968489304805717,0.75618646,0.00945853527989275
23.0,leaky-relu,23.0,leaky-relu,True,-1.0,15.0,-1.0,-1.0,0.0,-1.0,79,2.0,0.0,-1,-1,5.0,15.0,49316,-1.0,True,-1.0,0.006986355680661833,0.7570921866666667,0.009521392914301
23.0,leaky-relu,15.0,leaky-relu,True,-1.0,15.0,-1.0,-1.0,0.0,-1.0,53,3.0,0.0,-1,-1,5.0,10.0,49052,-1.0,True,-1.0,0.0072137316068013,0.7814803966666667,0.009521665771686116
8.0,leaky-relu,15.0,leaky-relu,True,-1.0,5.0,-1.0,-1.0,0.0,-1.0,48,5.0,0.0,-1,-1,5.0,10.0,25217,-1.0,True,-1.0,0.006896292557939834,0.7493628766666666,0.009530758153257384
23.0,leaky-relu,23.0,leaky-relu,True,-1.0,15.0,-1.0,-1.0,0.0,-1.0,80,3.0,0.0,-1,-1,5.0,15.0,68636,-1.0,True,-1.0,0.006963423375661117,0.7566762133333333,0.009649121769009018
23.0,sin,15.0,sin,True,-1.0,15.0,-1.0,-1.0,0.0,-1.0,11,5.0,0.0,-1,-1,5.0,10.0,87692,-1.0,True,-1.0,0.007038148275266091,0.7641703436772028,0.009691987789515273
-1.0,-1,15.0,leaky-relu,False,-1.0,-1.0,-1.0,0.0,-1.0,-1.0,105,-1.0,0.0,-1,leaky-relu,5.0,10.0,17708,60.0,True,2.0,0.00706170243211085,0.7667395666666668,0.009701495564971184
8.0,leaky-relu,8.0,leaky-relu,True,-1.0,5.0,-1.0,-1.0,0.0,-1.0,21,5.0,0.0,-1,-1,5.0,5.0,14456,-1.0,True,-1.0,0.0070662223733961,0.7678974833333333,0.009702849317127166
23.0,sin,8.0,sin,True,-1.0,15.0,-1.0,-1.0,0.0,-1.0,15,3.0,0.0,-1,-1,5.0,5.0,38291,-1.0,True,-1.0,0.007091363503908117,0.7703893780708313,0.009755958748888573
15.0,leaky-relu,23.0,leaky-relu,True,-1.0,10.0,-1.0,-1.0,0.0,-1.0,78,5.0,0.0,-1,-1,5.0,15.0,66956,-1.0,True,-1.0,0.007157791328305934,0.7780613083333333,0.009756912305045516
23.0,leaky-relu,15.0,leaky-relu,True,-1.0,15.0,-1.0,-1.0,0.0,-1.0,52,2.0,0.0,-1,-1,5.0,10.0,29732,-1.0,True,-1.0,0.007178969137991434,0.7798179533333333,0.009785765710197515
23.0,leaky-relu,15.0,leaky-relu,True,-1.0,15.0,-1.0,-1.0,0.0,-1.0,54,5.0,0.0,-1,-1,5.0,10.0,87692,-1.0,True,-1.0,0.007263701952372934,0.7887880416666667,0.009790065325183783
15.0,leaky-relu,23.0,leaky-relu,True,-1.0,10.0,-1.0,-1.0,0.0,-1.0,77,3.0,0.0,-1,-1,5.0,15.0,50156,-1.0,True,-1.0,0.007307558165242217,0.791406655,0.009810604452670466
-1.0,-1,8.0,leaky-relu,False,-1.0,-1.0,-1.0,0.0,-1.0,-1.0,147,-1.0,0.0,-1,leaky-relu,5.0,5.0,11127,40.0,True,5.0,0.007075227176149634,0.769100865,0.009820117858742067
15.0,sin,23.0,sin,True,-1.0,10.0,-1.0,-1.0,0.0,-1.0,9,5.0,0.0,-1,-1,5.0,15.0,66956,-1.0,True,-1.0,0.007164231035858393,0.7789429426193237,0.009838113525203656
15.0,sin,23.0,sin,True,-1.0,10.0,-1.0,-1.0,0.0,-1.0,12,3.0,0.0,-1,-1,5.0,15.0,50156,-1.0,True,-1.0,0.007394302946825822,0.7999585171540579,0.009842738633290533
-1.0,-1,15.0,leaky-relu,False,-1.0,-1.0,-1.0,0.0,-1.0,-1.0,159,-1.0,0.0,-1,leaky-relu,5.0,10.0,28688,60.0,True,5.0,0.007245734644432816,0.7842539300000001,0.00985095673714715
23.0,sin,23.0,sin,True,-1.0,15.0,-1.0,-1.0,0.0,-1.0,6,3.0,0.0,-1,-1,5.0,15.0,68636,-1.0,True,-1.0,0.007127591719230016,0.7735438744227091,0.009874339427096257
23.0,leaky-relu,8.0,leaky-relu,True,-1.0,15.0,-1.0,-1.0,0.0,-1.0,26,3.0,0.0,-1,-1,5.0,5.0,38291,-1.0,True,-1.0,0.007181565122057933,0.7778088766666666,0.00988663139758545
-1.0,-1,23.0,leaky-relu,False,-1.0,-1.0,-1.0,0.0,-1.0,-1.0,126,-1.0,0.0,-1,leaky-relu,5.0,15.0,38192,40.0,True,3.0,0.007163718653221883,0.7777044916666666,0.009947153891553033
15.0,leaky-relu,15.0,leaky-relu,True,-1.0,10.0,-1.0,-1.0,0.0,-1.0,50,3.0,0.0,-1,-1,5.0,10.0,30572,-1.0,True,-1.0,0.007331068937977101,0.7970521916666667,0.009989807927999134
-1.0,-1,8.0,leaky-relu,False,-1.0,-1.0,-1.0,0.0,-1.0,-1.0,120,-1.0,0.0,-1,leaky-relu,5.0,5.0,7847,40.0,True,3.0,0.007409350713714899,0.8034208266666667,0.009999882693395698
8.0,leaky-relu,8.0,leaky-relu,True,-1.0,5.0,-1.0,-1.0,0.0,-1.0,20,3.0,0.0,-1,-1,5.0,5.0,9416,-1.0,True,-1.0,0.0076888166368007,0.8325354016666666,0.010006172739682217
8.0,leaky-relu,15.0,leaky-relu,True,-1.0,5.0,-1.0,-1.0,0.0,-1.0,47,3.0,0.0,-1,-1,5.0,10.0,20177,-1.0,True,-1.0,0.007611423963680833,0.8218569566666667,0.010008503046802035
-1.0,-1,15.0,sin,False,-1.0,-1.0,-1.0,0.0,-1.0,-1.0,7,-1.0,0.0,-1,sin,5.0,10.0,17708,60.0,True,2.0,0.007370235786462824,0.8007023483514786,0.010061858116826744
8.0,leaky-relu,23.0,leaky-relu,True,-1.0,5.0,-1.0,-1.0,0.0,-1.0,75,5.0,0.0,-1,-1,5.0,15.0,44801,-1.0,True,-1.0,0.007241672137752116,0.7874137766666666,0.010078729890153815
23.0,leaky-relu,15.0,leaky-relu,True,-1.0,15.0,-1.0,-1.0,0.0,-1.0,43,2.0,0.0,-1,-1,3.0,10.0,21572,-1.0,True,-1.0,0.0073351227911188505,0.7949560433333334,0.010080696962755849
-1.0,-1,23.0,leaky-relu,False,-1.0,-1.0,-1.0,0.0,-1.0,-1.0,135,-1.0,0.0,-1,leaky-relu,5.0,15.0,40952,60.0,True,3.0,0.0072395140305161,0.7879225316666667,0.0100907784853337
15.0,leaky-relu,15.0,leaky-relu,True,-1.0,10.0,-1.0,-1.0,0.0,-1.0,49,2.0,0.0,-1,-1,5.0,10.0,22172,-1.0,True,-1.0,0.00742192481023565,0.805858035,0.010101659980836617
-1.0,-1,8.0,leaky-relu,False,-1.0,-1.0,-1.0,0.0,-1.0,-1.0,129,-1.0,0.0,-1,leaky-relu,5.0,5.0,10607,60.0,True,3.0,0.007235739535341616,0.7876582016666666,0.010109312259468617
-1.0,-1,8.0,leaky-relu,False,-1.0,-1.0,-1.0,0.0,-1.0,-1.0,101,-1.0,0.0,-1,leaky-relu,3.0,5.0,4499,60.0,True,2.0,0.007310547633096517,0.7932475000000001,0.010113544081479934
-1.0,-1,8.0,leaky-relu,False,-1.0,-1.0,-1.0,0.0,-1.0,-1.0,84,-1.0,0.0,-1,leaky-relu,5.0,5.0,5467,20.0,True,2.0,0.00728860590606925,0.7901896700000001,0.01011371703037035
-1.0,-1,15.0,leaky-relu,False,-1.0,-1.0,-1.0,0.0,-1.0,-1.0,96,-1.0,0.0,-1,leaky-relu,5.0,10.0,16968,40.0,True,2.0,0.007253641417870867,0.7884048966666667,0.0101184328341452
-1.0,-1,23.0,leaky-relu,False,-1.0,-1.0,-1.0,0.0,-1.0,-1.0,99,-1.0,0.0,-1,leaky-relu,5.0,15.0,36552,40.0,True,2.0,0.0073070742655545,0.7939759,0.01013895284291005
-1.0,-1,23.0,leaky-relu,False,-1.0,-1.0,-1.0,0.0,-1.0,-1.0,153,-1.0,0.0,-1,leaky-relu,5.0,15.0,41472,40.0,True,5.0,0.007390895082304851,0.8034483150000001,0.01014161623410465
-1.0,-1,8.0,leaky-relu,False,-1.0,-1.0,-1.0,0.0,-1.0,-1.0,156,-1.0,0.0,-1,leaky-relu,5.0,5.0,17927,60.0,True,5.0,0.007329630044599334,0.79547794,0.010143321804288667
-1.0,-1,15.0,leaky-relu,False,-1.0,-1.0,-1.0,0.0,-1.0,-1.0,132,-1.0,0.0,-1,leaky-relu,5.0,10.0,21368,60.0,True,3.0,0.00735823414288455,0.7995526783333333,0.010162646251042084
23.0,leaky-relu,15.0,leaky-relu,True,-1.0,15.0,-1.0,-1.0,0.0,-1.0,44,3.0,0.0,-1,-1,3.0,10.0,40892,-1.0,True,-1.0,0.00732650894982115,0.79313333,0.010169824802733434
15.0,sin,15.0,sin,True,-1.0,10.0,-1.0,-1.0,0.0,-1.0,1,5.0,0.0,-1,-1,5.0,10.0,47372,-1.0,True,-1.0,0.007419119744251172,0.8027586142222086,0.010184193240469427
-1.0,-1,23.0,leaky-relu,False,-1.0,-1.0,-1.0,0.0,-1.0,-1.0,134,-1.0,0.0,-1,leaky-relu,3.0,15.0,22184,60.0,True,3.0,0.007096875847006783,0.7701133666666666,0.010186381746495
23.0,leaky-relu,8.0,leaky-relu,True,-1.0,15.0,-1.0,-1.0,0.0,-1.0,27,5.0,0.0,-1,-1,5.0,5.0,76931,-1.0,True,-1.0,0.007666138078396484,0.8308904500000001,0.010187060497465967
-1.0,-1,15.0,leaky-relu,False,-1.0,-1.0,-1.0,0.0,-1.0,-1.0,141,-1.0,0.0,-1,leaky-relu,5.0,10.0,17488,20.0,True,5.0,0.007367896614596217,0.8019663349999999,0.010243180552510216
-1.0,-1,8.0,leaky-relu,False,-1.0,-1.0,-1.0,0.0,-1.0,-1.0,102,-1.0,0.0,-1,leaky-relu,5.0,5.0,6947,60.0,True,2.0,0.007606910696874016,0.826374185,0.010275850925516484
-1.0,-1,23.0,leaky-relu,False,-1.0,-1.0,-1.0,0.0,-1.0,-1.0,162,-1.0,0.0,-1,leaky-relu,5.0,15.0,48272,60.0,True,5.0,0.007704546985526817,0.835072825,0.010286649316120234
23.0,leaky-relu,8.0,leaky-relu,True,-1.0,15.0,-1.0,-1.0,0.0,-1.0,25,2.0,0.0,-1,-1,5.0,5.0,18971,-1.0,True,-1.0,0.007518167607486183,0.8154111266666666,0.010377180203635367
15.0,leaky-relu,23.0,leaky-relu,True,-1.0,10.0,-1.0,-1.0,0.0,-1.0,68,3.0,0.0,-1,-1,3.0,15.0,31388,-1.0,True,-1.0,0.007679008645936801,0.8308368,0.010378146830562616
15.0,leaky-relu,8.0,leaky-relu,True,-1.0,10.0,-1.0,-1.0,0.0,-1.0,22,2.0,0.0,-1,-1,5.0,5.0,11411,-1.0,True,-1.0,0.00763692171312865,0.8300554,0.01038607305229535
8.0,leaky-relu,15.0,leaky-relu,True,-1.0,5.0,-1.0,-1.0,0.0,-1.0,46,2.0,0.0,-1,-1,5.0,10.0,17657,-1.0,True,-1.0,0.007872309613351967,0.8519930716666666,0.010388159702804633
8.0,sin,15.0,sin,True,-1.0,5.0,-1.0,-1.0,0.0,-1.0,5,5.0,0.0,-1,-1,5.0,10.0,25217,-1.0,True,-1.0,0.0073632279721399145,0.8016889790693918,0.010396214049189164
8.0,leaky-relu,23.0,leaky-relu,True,-1.0,5.0,-1.0,-1.0,0.0,-1.0,65,3.0,0.0,-1,-1,3.0,15.0,20993,-1.0,True,-1.0,0.007556368208800716,0.816551445,0.010399452481263565
15.0,leaky-relu,23.0,leaky-relu,True,-1.0,10.0,-1.0,-1.0,0.0,-1.0,76,2.0,0.0,-1,-1,5.0,15.0,41756,-1.0,True,-1.0,0.007699891692027384,0.8345784533333335,0.010403442722619
15.0,leaky-relu,15.0,leaky-relu,True,-1.0,10.0,-1.0,-1.0,0.0,-1.0,41,3.0,0.0,-1,-1,3.0,10.0,22412,-1.0,True,-1.0,0.007361205993220168,0.7980890183333335,0.0104597676560485
15.0,leaky-relu,15.0,leaky-relu,True,-1.0,10.0,-1.0,-1.0,0.0,-1.0,42,5.0,0.0,-1,-1,3.0,10.0,39212,-1.0,True,-1.0,0.00751998717896635,0.8159861133333334,0.010479196557519034
-1.0,-1,15.0,leaky-relu,False,-1.0,-1.0,-1.0,0.0,-1.0,-1.0,149,-1.0,0.0,-1,leaky-relu,3.0,10.0,13728,40.0,True,5.0,0.007618141593411516,0.8243381033333333,0.0104826695399098
23.0,leaky-relu,23.0,leaky-relu,True,-1.0,15.0,-1.0,-1.0,0.0,-1.0,71,3.0,0.0,-1,-1,3.0,15.0,49868,-1.0,True,-1.0,0.0077262867707758665,0.8368928316666667,0.010518875508152217
23.0,leaky-relu,23.0,leaky-relu,True,-1.0,15.0,-1.0,-1.0,0.0,-1.0,72,5.0,0.0,-1,-1,3.0,15.0,88508,-1.0,True,-1.0,0.0076851595658808496,0.83319651,0.010541750775552984
-1.0,-1,15.0,leaky-relu,False,-1.0,-1.0,-1.0,0.0,-1.0,-1.0,150,-1.0,0.0,-1,leaky-relu,5.0,10.0,21888,40.0,True,5.0,0.007643115241080467,0.8298946566666667,0.010548515650322901
-1.0,-1,8.0,leaky-relu,False,-1.0,-1.0,-1.0,0.0,-1.0,-1.0,119,-1.0,0.0,-1,leaky-relu,3.0,5.0,5399,40.0,True,3.0,0.007995297356198167,0.8652180583333333,0.010551656961185632
-1.0,-1,23.0,leaky-relu,False,-1.0,-1.0,-1.0,0.0,-1.0,-1.0,108,-1.0,0.0,-1,leaky-relu,5.0,15.0,37292,60.0,True,2.0,0.007720513890186899,0.8367978016666666,0.01055549184199875
-1.0,-1,8.0,leaky-relu,False,-1.0,-1.0,-1.0,0.0,-1.0,-1.0,93,-1.0,0.0,-1,leaky-relu,5.0,5.0,6207,40.0,True,2.0,0.007842753237734184,0.8507424666666666,0.010573629696370733
-1.0,-1,8.0,leaky-relu,False,-1.0,-1.0,-1.0,0.0,-1.0,-1.0,155,-1.0,0.0,-1,leaky-relu,3.0,5.0,15479,60.0,True,5.0,0.007813974826907067,0.8452356050000001,0.0106004868215186
23.0,sin,15.0,sin,True,-1.0,15.0,-1.0,-1.0,0.0,-1.0,10,2.0,0.0,-1,-1,5.0,10.0,29732,-1.0,True,-1.0,0.007745085128893455,0.8406434257825216,0.010611845631224338
15.0,leaky-relu,8.0,leaky-relu,True,-1.0,10.0,-1.0,-1.0,0.0,-1.0,24,5.0,0.0,-1,-1,5.0,5.0,36611,-1.0,True,-1.0,0.007948378566652483,0.8621844850000001,0.010616986386094268
23.0,sin,23.0,sin,True,-1.0,15.0,-1.0,-1.0,0.0,-1.0,3,2.0,0.0,-1,-1,5.0,15.0,49316,-1.0,True,-1.0,0.007696639125545819,0.835655560096105,0.010619863812356552
-1.0,-1,15.0,leaky-relu,False,-1.0,-1.0,-1.0,0.0,-1.0,-1.0,86,-1.0,0.0,-1,leaky-relu,3.0,10.0,8068,20.0,True,2.0,0.00761984428390855,0.8267633916666667,0.010635378591786865
-1.0,-1,15.0,sin,False,-1.0,-1.0,-1.0,0.0,-1.0,-1.0,14,-1.0,0.0,-1,sin,5.0,10.0,28688,60.0,True,5.0,0.007642888308813174,0.8306609392166138,0.01063575888484763
-1.0,-1,23.0,leaky-relu,False,-1.0,-1.0,-1.0,0.0,-1.0,-1.0,90,-1.0,0.0,-1,leaky-relu,5.0,15.0,35812,20.0,True,2.0,0.007784797810018,0.8458941016666666,0.010649529648952799
-1.0,-1,23.0,leaky-relu,False,-1.0,-1.0,-1.0,0.0,-1.0,-1.0,161,-1.0,0.0,-1,leaky-relu,3.0,15.0,29504,60.0,True,5.0,0.0075477456363538505,0.81881966,0.010658177095826116
-1.0,-1,8.0,sin,False,-1.0,-1.0,-1.0,0.0,-1.0,-1.0,18,-1.0,0.0,-1,sin,5.0,5.0,7847,40.0,True,3.0,0.007992226630449295,0.8655317922433218,0.010665820986937127
8.0,leaky-relu,23.0,leaky-relu,True,-1.0,5.0,-1.0,-1.0,0.0,-1.0,66,5.0,0.0,-1,-1,3.0,15.0,26033,-1.0,True,-1.0,0.007490006818746483,0.811991885,0.010690533345314399
-1.0,-1,23.0,leaky-relu,False,-1.0,-1.0,-1.0,0.0,-1.0,-1.0,152,-1.0,0.0,-1,leaky-relu,3.0,15.0,22704,40.0,True,5.0,0.007511170192932033,0.8151782116666667,0.010714531756583217
15.0,leaky-relu,23.0,leaky-relu,True,-1.0,10.0,-1.0,-1.0,0.0,-1.0,69,5.0,0.0,-1,-1,3.0,15.0,48188,-1.0,True,-1.0,0.007725224131718233,0.8365578433333334,0.010747698793089117
8.0,sin,8.0,sin,True,-1.0,5.0,-1.0,-1.0,0.0,-1.0,8,5.0,0.0,-1,-1,5.0,5.0,14456,-1.0,True,-1.0,0.007786884515856703,0.8440083861351013,0.010757316863525773
-1.0,-1,23.0,leaky-relu,False,-1.0,-1.0,-1.0,0.0,-1.0,-1.0,125,-1.0,0.0,-1,leaky-relu,3.0,15.0,19424,40.0,True,3.0,0.007806961579869133,0.8457862516666667,0.01077423496292215
-1.0,-1,15.0,leaky-relu,False,-1.0,-1.0,-1.0,0.0,-1.0,-1.0,123,-1.0,0.0,-1,leaky-relu,5.0,10.0,18608,40.0,True,3.0,0.0077040438385058835,0.83605293,0.010774271767649982
-1.0,-1,23.0,leaky-relu,False,-1.0,-1.0,-1.0,0.0,-1.0,-1.0,117,-1.0,0.0,-1,leaky-relu,5.0,15.0,36232,20.0,True,3.0,0.00785988879700495,0.8531375533333333,0.010782073598501515
-1.0,-1,15.0,leaky-relu,False,-1.0,-1.0,-1.0,0.0,-1.0,-1.0,87,-1.0,0.0,-1,leaky-relu,5.0,10.0,16228,20.0,True,2.0,0.007917780429124784,0.8595178849999999,0.010803871151073967
-1.0,-1,15.0,leaky-relu,False,-1.0,-1.0,-1.0,0.0,-1.0,-1.0,114,-1.0,0.0,-1,leaky-relu,5.0,10.0,16648,20.0,True,3.0,0.008151362882926984,0.8830119166666667,0.010866071396368351
-1.0,-1,8.0,sin,False,-1.0,-1.0,-1.0,0.0,-1.0,-1.0,13,-1.0,0.0,-1,sin,5.0,5.0,11127,40.0,True,5.0,0.0077421090099960566,0.8407835066318512,0.010867721808595845
-1.0,-1,23.0,leaky-relu,False,-1.0,-1.0,-1.0,0.0,-1.0,-1.0,143,-1.0,0.0,-1,leaky-relu,3.0,15.0,18304,20.0,True,5.0,0.007900093294059184,0.8556761,0.010898235069619967
-1.0,-1,15.0,leaky-relu,False,-1.0,-1.0,-1.0,0.0,-1.0,-1.0,95,-1.0,0.0,-1,leaky-relu,3.0,10.0,8808,40.0,True,2.0,0.008068666327744682,0.8703479500000001,0.010905378788339517
8.0,leaky-relu,15.0,leaky-relu,True,-1.0,5.0,-1.0,-1.0,0.0,-1.0,38,3.0,0.0,-1,-1,3.0,10.0,12017,-1.0,True,-1.0,0.007992033148184351,0.8658286683333333,0.010914571295615983
-1.0,-1,8.0,leaky-relu,False,-1.0,-1.0,-1.0,0.0,-1.0,-1.0,128,-1.0,0.0,-1,leaky-relu,3.0,5.0,8159,60.0,True,3.0,0.008116343369086534,0.8761837683333332,0.010923934283944966
-1.0,-1,8.0,leaky-relu,False,-1.0,-1.0,-1.0,0.0,-1.0,-1.0,111,-1.0,0.0,-1,leaky-relu,5.0,5.0,5887,20.0,True,3.0,0.008067723286027667,0.8724053416666667,0.010943900172580817
-1.0,-1,23.0,leaky-relu,False,-1.0,-1.0,-1.0,0.0,-1.0,-1.0,144,-1.0,0.0,-1,leaky-relu,5.0,15.0,37072,20.0,True,5.0,0.008008923303956717,0.87008405,0.010947645127904916
-1.0,-1,15.0,leaky-relu,False,-1.0,-1.0,-1.0,0.0,-1.0,-1.0,131,-1.0,0.0,-1,leaky-relu,3.0,10.0,13208,60.0,True,3.0,0.0078195037009815,0.84867303,0.010947982930595216
23.0,leaky-relu,23.0,leaky-relu,True,-1.0,15.0,-1.0,-1.0,0.0,-1.0,70,2.0,0.0,-1,-1,3.0,15.0,30548,-1.0,True,-1.0,0.00801446071515475,0.8665986166666667,0.010963229176037951
-1.0,-1,15.0,leaky-relu,False,-1.0,-1.0,-1.0,0.0,-1.0,-1.0,104,-1.0,0.0,-1,leaky-relu,3.0,10.0,9548,60.0,True,2.0,0.007909980059290883,0.85915505,0.010973210598251732
-1.0,-1,8.0,leaky-relu,False,-1.0,-1.0,-1.0,0.0,-1.0,-1.0,110,-1.0,0.0,-1,leaky-relu,3.0,5.0,3439,20.0,True,3.0,0.007881214066098083,0.8530273933333333,0.011050338104274417
-1.0,-1,23.0,sin,False,-1.0,-1.0,-1.0,0.0,-1.0,-1.0,16,-1.0,0.0,-1,sin,5.0,15.0,38192,40.0,True,3.0,0.007898891267056266,0.8595243096351624,0.011054845648545133
8.0,leaky-relu,23.0,leaky-relu,True,-1.0,5.0,-1.0,-1.0,0.0,-1.0,74,3.0,0.0,-1,-1,5.0,15.0,39761,-1.0,True,-1.0,0.008207075608273284,0.8903751883333334,0.011065346101338283
15.0,leaky-relu,8.0,leaky-relu,True,-1.0,10.0,-1.0,-1.0,0.0,-1.0,14,3.0,0.0,-1,-1,3.0,5.0,17363,-1.0,True,-1.0,0.008059695518265117,0.8743278533333333,0.011079683871254098
-1.0,-1,8.0,leaky-relu,False,-1.0,-1.0,-1.0,0.0,-1.0,-1.0,138,-1.0,0.0,-1,leaky-relu,5.0,5.0,6727,20.0,True,5.0,0.00817437539808445,0.8866486783333333,0.011083521328575333
-1.0,-1,23.0,leaky-relu,False,-1.0,-1.0,-1.0,0.0,-1.0,-1.0,89,-1.0,0.0,-1,leaky-relu,3.0,15.0,17044,20.0,True,2.0,0.008227102225646316,0.8895158166666667,0.0110876714954004
8.0,leaky-relu,8.0,leaky-relu,True,-1.0,5.0,-1.0,-1.0,0.0,-1.0,19,2.0,0.0,-1,-1,5.0,5.0,6896,-1.0,True,-1.0,0.007939845401172783,0.86422148,0.01108836279527795
-1.0,-1,23.0,leaky-relu,False,-1.0,-1.0,-1.0,0.0,-1.0,-1.0,116,-1.0,0.0,-1,leaky-relu,3.0,15.0,17464,20.0,True,3.0,0.008006023320679801,0.8661893233333333,0.011096258404183433
-1.0,-1,23.0,leaky-relu,False,-1.0,-1.0,-1.0,0.0,-1.0,-1.0,107,-1.0,0.0,-1,leaky-relu,3.0,15.0,18524,60.0,True,2.0,0.008013878483325182,0.86953266,0.011156000382057782
-1.0,-1,15.0,leaky-relu,False,-1.0,-1.0,-1.0,0.0,-1.0,-1.0,158,-1.0,0.0,-1,leaky-relu,3.0,10.0,20528,60.0,True,5.0,0.008091229634980301,0.8759040233333334,0.011184439932253617
8.0,sin,8.0,sin,True,-1.0,5.0,-1.0,-1.0,0.0,-1.0,19,3.0,0.0,-1,-1,5.0,5.0,9416,-1.0,True,-1.0,0.008385247318074107,0.9094281593958536,0.011232729679655854
15.0,leaky-relu,23.0,leaky-relu,True,-1.0,10.0,-1.0,-1.0,0.0,-1.0,67,2.0,0.0,-1,-1,3.0,15.0,22988,-1.0,True,-1.0,0.008095302696650167,0.8780339666666667,0.011237124846530217
-1.0,-1,15.0,leaky-relu,False,-1.0,-1.0,-1.0,0.0,-1.0,-1.0,157,-1.0,0.0,-1,leaky-relu,2.0,10.0,16448,60.0,True,5.0,0.007828486384823884,0.848620725,0.011253736768074967
8.0,leaky-relu,15.0,leaky-relu,True,-1.0,5.0,-1.0,-1.0,0.0,-1.0,39,5.0,0.0,-1,-1,3.0,10.0,17057,-1.0,True,-1.0,0.008001154599090383,0.8667094833333334,0.011269127223605666
-1.0,-1,15.0,leaky-relu,False,-1.0,-1.0,-1.0,0.0,-1.0,-1.0,112,-1.0,0.0,-1,leaky-relu,2.0,10.0,4408,20.0,True,3.0,0.007978262534985901,0.86650904,0.011329830060086551
8.0,leaky-relu,-1.0,-1,True,5.0,5.0,60.0,-1.0,0.0,0.0,237,5.0,-1.0,leaky-relu,-1,-1.0,-1.0,21851,-1.0,False,-1.0,0.008119741532330685,0.8839900333333334,0.011358123961471999
23.0,leaky-relu,8.0,leaky-relu,True,-1.0,15.0,-1.0,-1.0,0.0,-1.0,18,5.0,0.0,-1,-1,3.0,5.0,74483,-1.0,True,-1.0,0.008321373645837066,0.8998849299999999,0.011414473660655483
23.0,leaky-relu,-1.0,-1,True,5.0,15.0,60.0,-1.0,0.0,0.0,243,5.0,-1.0,leaky-relu,-1,-1.0,-1.0,84326,-1.0,False,-1.0,0.00854471504377815,0.9276444383333334,0.011415243005932116
23.0,leaky-relu,8.0,leaky-relu,True,-1.0,15.0,-1.0,-1.0,0.0,-1.0,16,2.0,0.0,-1,-1,3.0,5.0,16523,-1.0,True,-1.0,0.00843731127679345,0.9145394800000001,0.0114354585728862
23.0,leaky-relu,15.0,leaky-relu,True,-1.0,15.0,-1.0,-1.0,0.0,-1.0,45,5.0,0.0,-1,-1,3.0,10.0,79532,-1.0,True,-1.0,0.008319018098215199,0.9011636666666667,0.011455798769048666
-1.0,-1,23.0,leaky-relu,False,-1.0,-1.0,-1.0,0.0,-1.0,-1.0,98,-1.0,0.0,-1,leaky-relu,3.0,15.0,17784,40.0,True,2.0,0.00804498302750285,0.8735983366666668,0.01146180965876295
-1.0,-1,15.0,leaky-relu,False,-1.0,-1.0,-1.0,0.0,-1.0,-1.0,113,-1.0,0.0,-1,leaky-relu,3.0,10.0,8488,20.0,True,3.0,0.0087878008683522,0.9513104866666667,0.011474072342586667
23.0,leaky-relu,23.0,leaky-relu,True,-1.0,15.0,-1.0,-1.0,0.0,-1.0,63,5.0,0.0,-1,-1,2.0,15.0,79124,-1.0,True,-1.0,0.008473144844174333,0.9148697416666667,0.011518578031193867
-1.0,-1,15.0,leaky-relu,False,-1.0,-1.0,-1.0,0.0,-1.0,-1.0,122,-1.0,0.0,-1,leaky-relu,3.0,10.0,10448,40.0,True,3.0,0.008669531593720067,0.9370434166666667,0.011531205923207883
23.0,leaky-relu,-1.0,-1,True,5.0,15.0,60.0,-1.0,0.0,0.0,242,3.0,-1.0,leaky-relu,-1,-1.0,-1.0,45686,-1.0,False,-1.0,0.008328420265267233,0.9050317733333334,0.011534647882076166
-1.0,-1,15.0,leaky-relu,False,-1.0,-1.0,-1.0,0.0,-1.0,-1.0,94,-1.0,0.0,-1,leaky-relu,2.0,10.0,4728,40.0,True,2.0,0.008215521229430983,0.8916673566666667,0.011552002047346667
8.0,sin,15.0,sin,True,-1.0,5.0,-1.0,-1.0,0.0,-1.0,20,3.0,0.0,-1,-1,5.0,10.0,20177,-1.0,True,-1.0,0.008693351643159986,0.938036655386289,0.011561270144210918
15.0,leaky-relu,8.0,leaky-relu,True,-1.0,10.0,-1.0,-1.0,0.0,-1.0,23,3.0,0.0,-1,-1,5.0,5.0,19811,-1.0,True,-1.0,0.008629246304432485,0.9331980883333334,0.011594512338261835
15.0,sin,15.0,sin,True,-1.0,10.0,-1.0,-1.0,0.0,-1.0,17,3.0,0.0,-1,-1,5.0,10.0,30572,-1.0,True,-1.0,0.008672278063992659,0.9384360909461975,0.011595828717868198
-1.0,-1,23.0,leaky-relu,False,-1.0,-1.0,-1.0,0.0,-1.0,-1.0,97,-1.0,0.0,-1,leaky-relu,2.0,15.0,8400,40.0,True,2.0,0.008269907751431016,0.89607815,0.011670797670854082
-1.0,-1,8.0,leaky-relu,False,-1.0,-1.0,-1.0,0.0,-1.0,-1.0,146,-1.0,0.0,-1,leaky-relu,3.0,5.0,8679,40.0,True,5.0,0.009020313465346833,0.9694104233333333,0.011696102499289882
-1.0,-1,8.0,leaky-relu,False,-1.0,-1.0,-1.0,0.0,-1.0,-1.0,83,-1.0,0.0,-1,leaky-relu,3.0,5.0,3019,20.0,True,2.0,0.008402240928262417,0.9121020966666666,0.011699797895499965
15.0,leaky-relu,8.0,leaky-relu,True,-1.0,10.0,-1.0,-1.0,0.0,-1.0,15,5.0,0.0,-1,-1,3.0,5.0,34163,-1.0,True,-1.0,0.008721387557064449,0.9445108983333333,0.011742583753237182
8.0,leaky-relu,8.0,leaky-relu,True,-1.0,5.0,-1.0,-1.0,0.0,-1.0,12,5.0,0.0,-1,-1,3.0,5.0,12008,-1.0,True,-1.0,0.008555283614744716,0.9296190233333333,0.0117691596201073
-1.0,-1,15.0,leaky-relu,False,-1.0,-1.0,-1.0,0.0,-1.0,-1.0,121,-1.0,0.0,-1,leaky-relu,2.0,10.0,6368,40.0,True,3.0,0.008663672953844034,0.9357104233333334,0.011788447373648566
-1.0,-1,15.0,leaky-relu,False,-1.0,-1.0,-1.0,0.0,-1.0,-1.0,140,-1.0,0.0,-1,leaky-relu,3.0,10.0,9328,20.0,True,5.0,0.008562039118260117,0.9272710783333333,0.011867875858452248
8.0,leaky-relu,15.0,leaky-relu,True,-1.0,5.0,-1.0,-1.0,0.0,-1.0,37,2.0,0.0,-1,-1,3.0,10.0,9497,-1.0,True,-1.0,0.008457865100353916,0.9157997816666666,0.0118904105502139
-1.0,-1,15.0,leaky-relu,False,-1.0,-1.0,-1.0,0.0,-1.0,-1.0,148,-1.0,0.0,-1,leaky-relu,2.0,10.0,9648,40.0,True,5.0,0.008777548714230417,0.947464605,0.011913238494698749
-1.0,-1,8.0,leaky-relu,False,-1.0,-1.0,-1.0,0.0,-1.0,-1.0,92,-1.0,0.0,-1,leaky-relu,3.0,5.0,3759,40.0,True,2.0,0.008837154135107933,0.9557422,0.011914605304015584
8.0,leaky-relu,23.0,leaky-relu,True,-1.0,5.0,-1.0,-1.0,0.0,-1.0,73,2.0,0.0,-1,-1,5.0,15.0,37241,-1.0,True,-1.0,0.0085328016430139,0.9217555333333335,0.011917412142573266
8.0,leaky-relu,-1.0,-1,True,5.0,5.0,60.0,-1.0,0.0,0.0,236,3.0,-1.0,leaky-relu,-1,-1.0,-1.0,16811,-1.0,False,-1.0,0.008560255480309283,0.9331510666666668,0.01196205646602725
15.0,leaky-relu,-1.0,-1,True,5.0,10.0,60.0,-1.0,0.0,0.0,240,5.0,-1.0,leaky-relu,-1,-1.0,-1.0,44006,-1.0,False,-1.0,0.008676047514503134,0.9428351383333333,0.011972080342108516
8.0,leaky-relu,-1.0,-1,True,3.0,5.0,60.0,-1.0,0.0,0.0,210,5.0,-1.0,leaky-relu,-1,-1.0,-1.0,14531,-1.0,False,-1.0,0.008460945372159233,0.9196340416666667,0.011984740623433283
15.0,leaky-relu,-1.0,-1,True,5.0,10.0,40.0,-1.0,0.0,0.0,231,5.0,-1.0,leaky-relu,-1,-1.0,-1.0,37566,-1.0,False,-1.0,0.008647185439864733,0.942327905,0.011996784956844466
23.0,leaky-relu,23.0,leaky-relu,True,-1.0,15.0,-1.0,-1.0,0.0,-1.0,62,3.0,0.0,-1,-1,2.0,15.0,40484,-1.0,True,-1.0,0.008813101643075484,0.95354051,0.012021575407695266
-1.0,-1,8.0,leaky-relu,False,-1.0,-1.0,-1.0,0.0,-1.0,-1.0,137,-1.0,0.0,-1,leaky-relu,3.0,5.0,4279,20.0,True,5.0,0.008995348587632132,0.9726210483333332,0.012054947259735783
-1.0,-1,15.0,leaky-relu,False,-1.0,-1.0,-1.0,0.0,-1.0,-1.0,85,-1.0,0.0,-1,leaky-relu,2.0,10.0,3988,20.0,True,2.0,0.008602394567181617,0.9329342416666666,0.012105043289903151
-1.0,-1,23.0,leaky-relu,False,-1.0,-1.0,-1.0,0.0,-1.0,-1.0,88,-1.0,0.0,-1,leaky-relu,2.0,15.0,7660,20.0,True,2.0,0.008656503477444183,0.9368283333333333,0.012148044980303583
23.0,leaky-relu,8.0,leaky-relu,True,-1.0,15.0,-1.0,-1.0,0.0,-1.0,17,3.0,0.0,-1,-1,3.0,5.0,35843,-1.0,True,-1.0,0.009366809468095467,1.0118484433333332,0.012150458193608951
15.0,leaky-relu,23.0,leaky-relu,True,-1.0,10.0,-1.0,-1.0,0.0,-1.0,59,3.0,0.0,-1,-1,2.0,15.0,22004,-1.0,True,-1.0,0.0088332337327301,0.9569906549999999,0.01217988182722235
-1.0,-1,23.0,leaky-relu,False,-1.0,-1.0,-1.0,0.0,-1.0,-1.0,115,-1.0,0.0,-1,leaky-relu,2.0,15.0,8080,20.0,True,3.0,0.008871815167367417,0.9591491083333333,0.012225128225924899
23.0,leaky-relu,-1.0,-1,True,5.0,15.0,60.0,-1.0,0.0,0.0,241,2.0,-1.0,leaky-relu,-1,-1.0,-1.0,26366,-1.0,False,-1.0,0.008956432963410983,0.9741733166666666,0.01224080392328955
8.0,leaky-relu,23.0,leaky-relu,True,-1.0,5.0,-1.0,-1.0,0.0,-1.0,57,5.0,0.0,-1,-1,2.0,15.0,16649,-1.0,True,-1.0,0.008786522550508333,0.9499421666666666,0.01225818781762065
8.0,leaky-relu,8.0,leaky-relu,True,-1.0,5.0,-1.0,-1.0,0.0,-1.0,3,5.0,0.0,-1,-1,2.0,5.0,10784,-1.0,True,-1.0,0.009026523601884584,0.9760541016666666,0.012268935590361865
23.0,leaky-relu,-1.0,-1,True,5.0,15.0,40.0,-1.0,0.0,0.0,234,5.0,-1.0,leaky-relu,-1,-1.0,-1.0,77886,-1.0,False,-1.0,0.00880128921320035,0.95858499,0.012314393744260433
8.0,leaky-relu,8.0,leaky-relu,True,-1.0,5.0,-1.0,-1.0,0.0,-1.0,11,3.0,0.0,-1,-1,3.0,5.0,6968,-1.0,True,-1.0,0.00908931174005065,0.9790502733333334,0.012324290849157635
8.0,leaky-relu,-1.0,-1,True,5.0,5.0,40.0,-1.0,0.0,0.0,228,5.0,-1.0,leaky-relu,-1,-1.0,-1.0,15411,-1.0,False,-1.0,0.009473665850236967,1.0254587583333332,0.012352067933127216
15.0,leaky-relu,15.0,leaky-relu,True,-1.0,10.0,-1.0,-1.0,0.0,-1.0,40,2.0,0.0,-1,-1,3.0,10.0,14012,-1.0,True,-1.0,0.008942807791754567,0.970372845,0.012386727588127235
15.0,leaky-relu,-1.0,-1,True,5.0,10.0,60.0,-1.0,0.0,0.0,239,3.0,-1.0,leaky-relu,-1,-1.0,-1.0,27206,-1.0,False,-1.0,0.008752256554240933,0.9531789283333333,0.0124005253955065
8.0,leaky-relu,-1.0,-1,True,5.0,5.0,40.0,-1.0,0.0,0.0,227,3.0,-1.0,leaky-relu,-1,-1.0,-1.0,10371,-1.0,False,-1.0,0.008938232048725034,0.9745961933333334,0.012418686349873633
15.0,leaky-relu,23.0,leaky-relu,True,-1.0,10.0,-1.0,-1.0,0.0,-1.0,60,5.0,0.0,-1,-1,2.0,15.0,38804,-1.0,True,-1.0,0.00865499481248355,0.9399239183333333,0.012452431192728583
15.0,leaky-relu,-1.0,-1,True,5.0,10.0,60.0,-1.0,0.0,0.0,238,2.0,-1.0,leaky-relu,-1,-1.0,-1.0,18806,-1.0,False,-1.0,0.008641766849905216,0.9417523333333334,0.012467683001157318
23.0,leaky-relu,-1.0,-1,True,3.0,15.0,60.0,-1.0,0.0,0.0,216,5.0,-1.0,leaky-relu,-1,-1.0,-1.0,77006,-1.0,False,-1.0,0.008909574865053067,0.9667776016666667,0.012468787549890668
-1.0,-1,15.0,leaky-relu,False,-1.0,-1.0,-1.0,0.0,-1.0,-1.0,139,-1.0,0.0,-1,leaky-relu,2.0,10.0,5248,20.0,True,5.0,0.008886279305443117,0.9624947533333333,0.012469313811052466
8.0,leaky-relu,-1.0,-1,True,3.0,5.0,60.0,-1.0,0.0,0.0,209,3.0,-1.0,leaky-relu,-1,-1.0,-1.0,9491,-1.0,False,-1.0,0.008561682887375317,0.9302159816666666,0.012488421073575534
23.0,leaky-relu,15.0,leaky-relu,True,-1.0,15.0,-1.0,-1.0,0.0,-1.0,35,3.0,0.0,-1,-1,2.0,10.0,36812,-1.0,True,-1.0,0.009037108859047233,0.9793630333333333,0.012501658247991418
15.0,leaky-relu,-1.0,-1,True,3.0,10.0,60.0,-1.0,0.0,0.0,213,5.0,-1.0,leaky-relu,-1,-1.0,-1.0,36686,-1.0,False,-1.0,0.008972289273515266,0.9759197500000001,0.012512982434471432
-1.0,-1,23.0,leaky-relu,False,-1.0,-1.0,-1.0,0.0,-1.0,-1.0,133,-1.0,0.0,-1,leaky-relu,2.0,15.0,12800,60.0,True,3.0,0.009025370934978084,0.9768925999999999,0.0125754225416925
-1.0,-1,23.0,leaky-relu,False,-1.0,-1.0,-1.0,0.0,-1.0,-1.0,151,-1.0,0.0,-1,leaky-relu,2.0,15.0,13320,40.0,True,5.0,0.009073746390640684,0.9834558733333334,0.012592827310020517
-1.0,-1,15.0,leaky-relu,False,-1.0,-1.0,-1.0,0.0,-1.0,-1.0,130,-1.0,0.0,-1,leaky-relu,2.0,10.0,9128,60.0,True,3.0,0.009155589000632318,0.9909779099999999,0.012605351145392385
8.0,leaky-relu,23.0,leaky-relu,True,-1.0,5.0,-1.0,-1.0,0.0,-1.0,64,2.0,0.0,-1,-1,3.0,15.0,18473,-1.0,True,-1.0,0.009497104988743801,1.025080685,0.012633789273007416
-1.0,-1,15.0,leaky-relu,False,-1.0,-1.0,-1.0,0.0,-1.0,-1.0,103,-1.0,0.0,-1,leaky-relu,2.0,10.0,5468,60.0,True,2.0,0.00887828886819375,0.9639939666666666,0.012660867368785566
-1.0,-1,23.0,leaky-relu,False,-1.0,-1.0,-1.0,0.0,-1.0,-1.0,142,-1.0,0.0,-1,leaky-relu,2.0,15.0,8920,20.0,True,5.0,0.009341117615501033,1.0078281416666666,0.012679947454720569
-1.0,-1,23.0,leaky-relu,False,-1.0,-1.0,-1.0,0.0,-1.0,-1.0,106,-1.0,0.0,-1,leaky-relu,2.0,15.0,9140,60.0,True,2.0,0.009076057389999384,0.9846139116666667,0.012701799395258034
23.0,leaky-relu,-1.0,-1,True,5.0,15.0,40.0,-1.0,0.0,0.0,233,3.0,-1.0,leaky-relu,-1,-1.0,-1.0,39246,-1.0,False,-1.0,0.0091716258320957,0.999135875,0.0128070582409514
8.0,leaky-relu,-1.0,-1,True,5.0,5.0,40.0,-1.0,0.0,0.0,226,2.0,-1.0,leaky-relu,-1,-1.0,-1.0,7851,-1.0,False,-1.0,0.008971172617748333,0.9780241783333333,0.012855399396353733
-1.0,-1,8.0,leaky-relu,False,-1.0,-1.0,-1.0,0.0,-1.0,-1.0,82,-1.0,0.0,-1,leaky-relu,2.0,5.0,1795,20.0,True,2.0,0.009476950547347417,1.0237467266666667,0.012914907903189965
-1.0,-1,23.0,leaky-relu,False,-1.0,-1.0,-1.0,0.0,-1.0,-1.0,124,-1.0,0.0,-1,leaky-relu,2.0,15.0,10040,40.0,True,3.0,0.009658133378252316,1.0431018666666667,0.01294087824671205
23.0,leaky-relu,-1.0,-1,True,3.0,15.0,40.0,-1.0,0.0,0.0,206,3.0,-1.0,leaky-relu,-1,-1.0,-1.0,35966,-1.0,False,-1.0,0.009038098544503199,0.9830345500000001,0.012984431223849768
23.0,leaky-relu,-1.0,-1,True,3.0,15.0,40.0,-1.0,0.0,0.0,207,5.0,-1.0,leaky-relu,-1,-1.0,-1.0,74606,-1.0,False,-1.0,0.009157248617460282,0.9936266816666667,0.0129995605538585
23.0,leaky-relu,15.0,leaky-relu,True,-1.0,15.0,-1.0,-1.0,0.0,-1.0,36,5.0,0.0,-1,-1,2.0,10.0,75452,-1.0,True,-1.0,0.009304064791649516,1.0064141533333333,0.013005817192615949
8.0,leaky-relu,8.0,leaky-relu,True,-1.0,5.0,-1.0,-1.0,0.0,-1.0,10,2.0,0.0,-1,-1,3.0,5.0,4448,-1.0,True,-1.0,0.0097374673156688,1.0494632166666666,0.013044453832389384
23.0,leaky-relu,-1.0,-1,True,3.0,15.0,60.0,-1.0,0.0,0.0,215,3.0,-1.0,leaky-relu,-1,-1.0,-1.0,38366,-1.0,False,-1.0,0.009461424779146833,1.0256026833333334,0.01304891311972225
-1.0,-1,8.0,leaky-relu,False,-1.0,-1.0,-1.0,0.0,-1.0,-1.0,91,-1.0,0.0,-1,leaky-relu,2.0,5.0,2535,40.0,True,2.0,0.010128253915657534,1.09313115,0.013166640395174635
15.0,leaky-relu,15.0,leaky-relu,True,-1.0,10.0,-1.0,-1.0,0.0,-1.0,33,5.0,0.0,-1,-1,2.0,10.0,35132,-1.0,True,-1.0,0.009838046117996118,1.05803624,0.013176611482411333
15.0,leaky-relu,23.0,leaky-relu,True,-1.0,10.0,-1.0,-1.0,0.0,-1.0,58,2.0,0.0,-1,-1,2.0,15.0,13604,-1.0,True,-1.0,0.009561243389422634,1.0337477099999999,0.013180252723088468
8.0,leaky-relu,-1.0,-1,True,3.0,5.0,40.0,-1.0,0.0,0.0,200,3.0,-1.0,leaky-relu,-1,-1.0,-1.0,7091,-1.0,False,-1.0,0.00888428309311465,0.9713768766666666,0.013187885390396835
-1.0,-1,8.0,leaky-relu,False,-1.0,-1.0,-1.0,0.0,-1.0,-1.0,154,-1.0,0.0,-1,leaky-relu,2.0,5.0,14255,60.0,True,5.0,0.009364001763363633,1.0169286366666666,0.013198561318040668
8.0,leaky-relu,-1.0,-1,True,5.0,5.0,60.0,-1.0,0.0,0.0,235,2.0,-1.0,leaky-relu,-1,-1.0,-1.0,14291,-1.0,False,-1.0,0.009405252911771285,1.0240586233333333,0.0132072396906808
8.0,leaky-relu,-1.0,-1,True,3.0,5.0,40.0,-1.0,0.0,0.0,201,5.0,-1.0,leaky-relu,-1,-1.0,-1.0,12131,-1.0,False,-1.0,0.009330634648601167,1.0159492316666667,0.013219719064148415
23.0,leaky-relu,23.0,leaky-relu,True,-1.0,15.0,-1.0,-1.0,0.0,-1.0,61,2.0,0.0,-1,-1,2.0,15.0,21164,-1.0,True,-1.0,0.00931697951940195,1.0121267416666668,0.013228451087153566
-1.0,-1,23.0,leaky-relu,False,-1.0,-1.0,-1.0,0.0,-1.0,-1.0,160,-1.0,0.0,-1,leaky-relu,2.0,15.0,20120,60.0,True,5.0,0.00919940066523845,0.9987631616666667,0.013252213376104148
8.0,leaky-relu,-1.0,-1,True,3.0,5.0,60.0,-1.0,0.0,0.0,208,2.0,-1.0,leaky-relu,-1,-1.0,-1.0,6971,-1.0,False,-1.0,0.009367319910476566,1.0130123483333333,0.013288507341087268
-1.0,-1,8.0,leaky-relu,False,-1.0,-1.0,-1.0,0.0,-1.0,-1.0,136,-1.0,0.0,-1,leaky-relu,2.0,5.0,3055,20.0,True,5.0,0.0095698436101277,1.0350315833333334,0.013352539448479632
15.0,leaky-relu,-1.0,-1,True,3.0,10.0,40.0,-1.0,0.0,0.0,203,3.0,-1.0,leaky-relu,-1,-1.0,-1.0,17486,-1.0,False,-1.0,0.00937747443094845,1.0216497766666668,0.013401507862138617
15.0,leaky-relu,15.0,leaky-relu,True,-1.0,10.0,-1.0,-1.0,0.0,-1.0,31,2.0,0.0,-1,-1,2.0,10.0,9932,-1.0,True,-1.0,0.010086100238064867,1.0865104266666668,0.013407379972112735
15.0,leaky-relu,-1.0,-1,True,3.0,10.0,40.0,-1.0,0.0,0.0,204,5.0,-1.0,leaky-relu,-1,-1.0,-1.0,34286,-1.0,False,-1.0,0.009577290543044566,1.0406824266666665,0.013429240441392085
15.0,leaky-relu,-1.0,-1,True,5.0,10.0,40.0,-1.0,0.0,0.0,229,2.0,-1.0,leaky-relu,-1,-1.0,-1.0,12366,-1.0,False,-1.0,0.009843777865171367,1.0682427333333333,0.013484175910965818
8.0,leaky-relu,15.0,leaky-relu,True,-1.0,5.0,-1.0,-1.0,0.0,-1.0,30,5.0,0.0,-1,-1,2.0,10.0,12977,-1.0,True,-1.0,0.010392255382612283,1.119101485,0.013499283991097366
15.0,leaky-relu,-1.0,-1,True,3.0,10.0,60.0,-1.0,0.0,0.0,211,2.0,-1.0,leaky-relu,-1,-1.0,-1.0,11486,-1.0,False,-1.0,0.009904566376159532,1.0722171933333333,0.013526385892916916
8.0,leaky-relu,15.0,leaky-relu,True,-1.0,5.0,-1.0,-1.0,0.0,-1.0,28,2.0,0.0,-1,-1,2.0,10.0,5417,-1.0,True,-1.0,0.009968917195995583,1.08046302,0.013526784170777134
8.0,leaky-relu,23.0,leaky-relu,True,-1.0,5.0,-1.0,-1.0,0.0,-1.0,56,3.0,0.0,-1,-1,2.0,15.0,11609,-1.0,True,-1.0,0.009961641471212068,1.0775358333333334,0.013602859427986834
15.0,leaky-relu,8.0,leaky-relu,True,-1.0,10.0,-1.0,-1.0,0.0,-1.0,6,5.0,0.0,-1,-1,2.0,5.0,32939,-1.0,True,-1.0,0.010042875229070533,1.0883042333333333,0.013665622599618751
15.0,leaky-relu,-1.0,-1,True,3.0,10.0,60.0,-1.0,0.0,0.0,212,3.0,-1.0,leaky-relu,-1,-1.0,-1.0,19886,-1.0,False,-1.0,0.010232889714340334,1.10438904,0.013696731871052484
15.0,leaky-relu,8.0,leaky-relu,True,-1.0,10.0,-1.0,-1.0,0.0,-1.0,4,2.0,0.0,-1,-1,2.0,5.0,7739,-1.0,True,-1.0,0.009944069587315066,1.07740025,0.013778635398145568
23.0,leaky-relu,-1.0,-1,True,5.0,15.0,40.0,-1.0,0.0,0.0,232,2.0,-1.0,leaky-relu,-1,-1.0,-1.0,19926,-1.0,False,-1.0,0.0092868089365462,1.0175840333333335,0.013780470193991751
23.0,leaky-relu,8.0,leaky-relu,True,-1.0,15.0,-1.0,-1.0,0.0,-1.0,8,3.0,0.0,-1,-1,2.0,5.0,34619,-1.0,True,-1.0,0.010113779998694816,1.0917969233333333,0.013804256812012366
15.0,leaky-relu,-1.0,-1,True,5.0,10.0,40.0,-1.0,0.0,0.0,230,3.0,-1.0,leaky-relu,-1,-1.0,-1.0,20766,-1.0,False,-1.0,0.009923696052283,1.0800930333333334,0.013882772601490631
15.0,leaky-relu,15.0,leaky-relu,True,-1.0,10.0,-1.0,-1.0,0.0,-1.0,32,3.0,0.0,-1,-1,2.0,10.0,18332,-1.0,True,-1.0,0.010297565332924299,1.1169577966666668,0.013935003324523132
15.0,leaky-relu,-1.0,-1,True,3.0,10.0,40.0,-1.0,0.0,0.0,202,2.0,-1.0,leaky-relu,-1,-1.0,-1.0,9086,-1.0,False,-1.0,0.010470799325654848,1.1340844233333334,0.0142387002047529
-1.0,-1,8.0,leaky-relu,False,-1.0,-1.0,-1.0,0.0,-1.0,-1.0,100,-1.0,0.0,-1,leaky-relu,2.0,5.0,3275,60.0,True,2.0,0.011089234690492283,1.1997384083333333,0.014271593164373651
15.0,leaky-relu,-1.0,-1,True,5.0,10.0,20.0,-1.0,0.0,0.0,222,5.0,-1.0,leaky-relu,-1,-1.0,-1.0,33526,-1.0,False,-1.0,0.010053020125875833,1.0981533666666665,0.014461538787093017
15.0,leaky-relu,8.0,leaky-relu,True,-1.0,10.0,-1.0,-1.0,0.0,-1.0,13,2.0,0.0,-1,-1,3.0,5.0,8963,-1.0,True,-1.0,0.010609216755256,1.1513982,0.014465869960447882
23.0,leaky-relu,15.0,leaky-relu,True,-1.0,15.0,-1.0,-1.0,0.0,-1.0,34,2.0,0.0,-1,-1,2.0,10.0,17492,-1.0,True,-1.0,0.010885914865260268,1.1717579333333334,0.014469669579898349
8.0,leaky-relu,8.0,leaky-relu,True,-1.0,5.0,-1.0,-1.0,0.0,-1.0,1,2.0,0.0,-1,-1,2.0,5.0,3224,-1.0,True,-1.0,0.01174727020164325,1.262422795,0.014512640644948083
8.0,leaky-relu,23.0,leaky-relu,True,-1.0,5.0,-1.0,-1.0,0.0,-1.0,55,2.0,0.0,-1,-1,2.0,15.0,9089,-1.0,True,-1.0,0.011324258598809383,1.21471205,0.014673091143760317
15.0,leaky-relu,-1.0,-1,True,3.0,10.0,20.0,-1.0,0.0,0.0,194,3.0,-1.0,leaky-relu,-1,-1.0,-1.0,15886,-1.0,False,-1.0,0.010106847000618717,1.1007884416666667,0.01471318965208245
15.0,leaky-relu,-1.0,-1,True,3.0,10.0,20.0,-1.0,0.0,0.0,195,5.0,-1.0,leaky-relu,-1,-1.0,-1.0,32686,-1.0,False,-1.0,0.0102124204859137,1.1121833333333333,0.014779061413128734
23.0,leaky-relu,-1.0,-1,True,3.0,15.0,20.0,-1.0,0.0,0.0,197,3.0,-1.0,leaky-relu,-1,-1.0,-1.0,34366,-1.0,False,-1.0,0.0101891341619193,1.1072185616666668,0.014882295954570683
23.0,leaky-relu,-1.0,-1,True,3.0,15.0,20.0,-1.0,0.0,0.0,196,2.0,-1.0,leaky-relu,-1,-1.0,-1.0,15046,-1.0,False,-1.0,0.01094782414535675,1.1855967833333334,0.014932288106133618
8.0,leaky-relu,-1.0,-1,True,3.0,5.0,20.0,-1.0,0.0,0.0,192,5.0,-1.0,leaky-relu,-1,-1.0,-1.0,10531,-1.0,False,-1.0,0.010107947203020183,1.1023294166666666,0.014968339165507017
23.0,leaky-relu,-1.0,-1,True,3.0,15.0,60.0,-1.0,0.0,0.0,214,2.0,-1.0,leaky-relu,-1,-1.0,-1.0,19046,-1.0,False,-1.0,0.010565537338455451,1.1419446766666665,0.015007872038550035
-1.0,-1,8.0,leaky-relu,False,-1.0,-1.0,-1.0,0.0,-1.0,-1.0,127,-1.0,0.0,-1,leaky-relu,2.0,5.0,6935,60.0,True,3.0,0.011467940794924832,1.240891525,0.015185551320338183
8.0,leaky-relu,-1.0,-1,True,5.0,5.0,20.0,-1.0,0.0,0.0,219,5.0,-1.0,leaky-relu,-1,-1.0,-1.0,11371,-1.0,False,-1.0,0.011007998604327383,1.1989829666666667,0.015298658377789468
23.0,leaky-relu,-1.0,-1,True,3.0,15.0,20.0,-1.0,0.0,0.0,198,5.0,-1.0,leaky-relu,-1,-1.0,-1.0,73006,-1.0,False,-1.0,0.010371065232902717,1.131085405,0.015388544065975932
23.0,leaky-relu,-1.0,-1,True,5.0,15.0,20.0,-1.0,0.0,0.0,225,5.0,-1.0,leaky-relu,-1,-1.0,-1.0,73846,-1.0,False,-1.0,0.011023608502000517,1.1947668166666667,0.01538959673998505
15.0,leaky-relu,-1.0,-1,True,2.0,10.0,60.0,-1.0,0.0,0.0,185,3.0,-1.0,leaky-relu,-1,-1.0,-1.0,16226,-1.0,False,-1.0,0.011033098135764334,1.1916150666666667,0.015456692472807116
15.0,leaky-relu,-1.0,-1,True,2.0,10.0,60.0,-1.0,0.0,0.0,184,2.0,-1.0,leaky-relu,-1,-1.0,-1.0,7826,-1.0,False,-1.0,0.01121455337852235,1.2127907516666667,0.015523594925107749
23.0,leaky-relu,8.0,leaky-relu,True,-1.0,15.0,-1.0,-1.0,0.0,-1.0,9,5.0,0.0,-1,-1,2.0,5.0,73259,-1.0,True,-1.0,0.01153474013941975,1.24746376,0.015636225760457617
8.0,leaky-relu,-1.0,-1,True,3.0,5.0,40.0,-1.0,0.0,0.0,199,2.0,-1.0,leaky-relu,-1,-1.0,-1.0,4571,-1.0,False,-1.0,0.010471363241473767,1.1360811366666665,0.01567066150826345
8.0,leaky-relu,-1.0,-1,True,2.0,5.0,40.0,-1.0,0.0,0.0,174,5.0,-1.0,leaky-relu,-1,-1.0,-1.0,10491,-1.0,False,-1.0,0.0113500949616233,1.2273342166666665,0.015686140729895968
8.0,leaky-relu,-1.0,-1,True,2.0,5.0,60.0,-1.0,0.0,0.0,183,5.0,-1.0,leaky-relu,-1,-1.0,-1.0,10871,-1.0,False,-1.0,0.011777258788545866,1.2688819083333334,0.015726873145546782
8.0,leaky-relu,8.0,leaky-relu,True,-1.0,5.0,-1.0,-1.0,0.0,-1.0,2,3.0,0.0,-1,-1,2.0,5.0,5744,-1.0,True,-1.0,0.012019998316342567,1.294740475,0.015796001724881582
15.0,leaky-relu,-1.0,-1,True,3.0,10.0,20.0,-1.0,0.0,0.0,193,2.0,-1.0,leaky-relu,-1,-1.0,-1.0,7486,-1.0,False,-1.0,0.010837200563400934,1.1826298166666667,0.015850959435326065
8.0,leaky-relu,15.0,leaky-relu,True,-1.0,5.0,-1.0,-1.0,0.0,-1.0,29,3.0,0.0,-1,-1,2.0,10.0,7937,-1.0,True,-1.0,0.010945088074852968,1.1878381216666667,0.0159216542006454
23.0,leaky-relu,-1.0,-1,True,5.0,15.0,20.0,-1.0,0.0,0.0,223,2.0,-1.0,leaky-relu,-1,-1.0,-1.0,15886,-1.0,False,-1.0,0.011655245752384217,1.2676380166666668,0.01612414820508895
15.0,leaky-relu,-1.0,-1,True,2.0,10.0,60.0,-1.0,0.0,0.0,186,5.0,-1.0,leaky-relu,-1,-1.0,-1.0,33026,-1.0,False,-1.0,0.011836901462326401,1.2781125,0.016180711552355603
8.0,leaky-relu,-1.0,-1,True,5.0,5.0,20.0,-1.0,0.0,0.0,218,3.0,-1.0,leaky-relu,-1,-1.0,-1.0,6331,-1.0,False,-1.0,0.012032156654943968,1.3024875683333332,0.016268062495242267
23.0,leaky-relu,-1.0,-1,True,2.0,15.0,40.0,-1.0,0.0,0.0,179,3.0,-1.0,leaky-relu,-1,-1.0,-1.0,34326,-1.0,False,-1.0,0.012801421185334469,1.3747967783333335,0.0165700150690109
23.0,leaky-relu,-1.0,-1,True,3.0,15.0,40.0,-1.0,0.0,0.0,205,2.0,-1.0,leaky-relu,-1,-1.0,-1.0,16646,-1.0,False,-1.0,0.011876555159687966,1.2890327766666667,0.016574768062165218
8.0,leaky-relu,-1.0,-1,True,3.0,5.0,20.0,-1.0,0.0,0.0,191,3.0,-1.0,leaky-relu,-1,-1.0,-1.0,5491,-1.0,False,-1.0,0.0116419213203092,1.2641257116666667,0.01665807435299103
23.0,leaky-relu,-1.0,-1,True,2.0,15.0,60.0,-1.0,0.0,0.0,187,2.0,-1.0,leaky-relu,-1,-1.0,-1.0,15386,-1.0,False,-1.0,0.012226114748045748,1.319253675,0.016845792899618833
23.0,leaky-relu,-1.0,-1,True,2.0,15.0,60.0,-1.0,0.0,0.0,189,5.0,-1.0,leaky-relu,-1,-1.0,-1.0,73346,-1.0,False,-1.0,0.012069139163941082,1.3046499166666667,0.0168868468265004
-1.0,-1,8.0,leaky-relu,False,-1.0,-1.0,-1.0,0.0,-1.0,-1.0,145,-1.0,0.0,-1,leaky-relu,2.0,5.0,7455,40.0,True,5.0,0.013108327907199617,1.4066075666666666,0.016954219866079815
23.0,leaky-relu,-1.0,-1,True,5.0,15.0,20.0,-1.0,0.0,0.0,224,3.0,-1.0,leaky-relu,-1,-1.0,-1.0,35206,-1.0,False,-1.0,0.01284106269789235,1.3861476066666667,0.017049526144394533
15.0,leaky-relu,8.0,leaky-relu,True,-1.0,10.0,-1.0,-1.0,0.0,-1.0,5,3.0,0.0,-1,-1,2.0,5.0,16139,-1.0,True,-1.0,0.012668180279433684,1.36584435,0.017068268625248285
8.0,leaky-relu,-1.0,-1,True,5.0,5.0,20.0,-1.0,0.0,0.0,217,2.0,-1.0,leaky-relu,-1,-1.0,-1.0,3811,-1.0,False,-1.0,0.011920541059225784,1.30278074,0.017250906474225235
15.0,leaky-relu,-1.0,-1,True,2.0,10.0,40.0,-1.0,0.0,0.0,176,3.0,-1.0,leaky-relu,-1,-1.0,-1.0,15846,-1.0,False,-1.0,0.012986422826846401,1.3993470083333335,0.0174922938154301
23.0,leaky-relu,-1.0,-1,True,2.0,15.0,60.0,-1.0,0.0,0.0,188,3.0,-1.0,leaky-relu,-1,-1.0,-1.0,34706,-1.0,False,-1.0,0.012618002326538117,1.363622516666667,0.017533133518113215
8.0,leaky-relu,-1.0,-1,True,2.0,5.0,60.0,-1.0,0.0,0.0,182,3.0,-1.0,leaky-relu,-1,-1.0,-1.0,5831,-1.0,False,-1.0,0.012444052379578302,1.3437033333333332,0.01762841200207903
8.0,leaky-relu,-1.0,-1,True,3.0,5.0,20.0,-1.0,0.0,0.0,190,2.0,-1.0,leaky-relu,-1,-1.0,-1.0,2971,-1.0,False,-1.0,0.012807906294862366,1.3872052666666665,0.017696001098830117
23.0,leaky-relu,-1.0,-1,True,2.0,15.0,40.0,-1.0,0.0,0.0,180,5.0,-1.0,leaky-relu,-1,-1.0,-1.0,72966,-1.0,False,-1.0,0.012661765019098867,1.3649474666666668,0.017754242662553436
-1.0,-1,8.0,leaky-relu,False,-1.0,-1.0,-1.0,0.0,-1.0,-1.0,109,-1.0,0.0,-1,leaky-relu,2.0,5.0,2215,20.0,True,3.0,0.01331394763352965,1.4309923083333331,0.018093861001809517
8.0,leaky-relu,-1.0,-1,True,2.0,5.0,40.0,-1.0,0.0,0.0,172,2.0,-1.0,leaky-relu,-1,-1.0,-1.0,2931,-1.0,False,-1.0,0.013356098594764833,1.4368983999999998,0.018160147220858285
15.0,leaky-relu,-1.0,-1,True,5.0,10.0,20.0,-1.0,0.0,0.0,221,3.0,-1.0,leaky-relu,-1,-1.0,-1.0,16726,-1.0,False,-1.0,0.013380768088002967,1.453154145,0.018241205682663634
8.0,leaky-relu,-1.0,-1,True,2.0,5.0,40.0,-1.0,0.0,0.0,173,3.0,-1.0,leaky-relu,-1,-1.0,-1.0,5451,-1.0,False,-1.0,0.013597204505155433,1.4659756166666666,0.01826015761474025
8.0,leaky-relu,-1.0,-1,True,2.0,5.0,20.0,-1.0,0.0,0.0,165,5.0,-1.0,leaky-relu,-1,-1.0,-1.0,10111,-1.0,False,-1.0,0.013232091752191352,1.4326925499999998,0.01861337738026195
23.0,leaky-relu,-1.0,-1,True,2.0,15.0,40.0,-1.0,0.0,0.0,178,2.0,-1.0,leaky-relu,-1,-1.0,-1.0,15006,-1.0,False,-1.0,0.013976194274922152,1.50663855,0.018944137199142768
8.0,leaky-relu,-1.0,-1,True,2.0,5.0,20.0,-1.0,0.0,0.0,163,2.0,-1.0,leaky-relu,-1,-1.0,-1.0,2551,-1.0,False,-1.0,0.013234056221942065,1.4348246,0.019028439169753882
15.0,leaky-relu,-1.0,-1,True,2.0,10.0,20.0,-1.0,0.0,0.0,168,5.0,-1.0,leaky-relu,-1,-1.0,-1.0,32266,-1.0,False,-1.0,0.013809696305543101,1.4946665933333332,0.01940340799914458
15.0,leaky-relu,-1.0,-1,True,5.0,10.0,20.0,-1.0,0.0,0.0,220,2.0,-1.0,leaky-relu,-1,-1.0,-1.0,8326,-1.0,False,-1.0,0.013421606738120283,1.4717381833333334,0.019584745044955085
23.0,leaky-relu,-1.0,-1,True,2.0,15.0,20.0,-1.0,0.0,0.0,170,3.0,-1.0,leaky-relu,-1,-1.0,-1.0,33946,-1.0,False,-1.0,0.014585992321371965,1.5686025666666668,0.019639133908498
15.0,leaky-relu,-1.0,-1,True,2.0,10.0,40.0,-1.0,0.0,0.0,175,2.0,-1.0,leaky-relu,-1,-1.0,-1.0,7446,-1.0,False,-1.0,0.013666202935079683,1.4723684783333333,0.0197129859821631
15.0,leaky-relu,-1.0,-1,True,2.0,10.0,20.0,-1.0,0.0,0.0,166,2.0,-1.0,leaky-relu,-1,-1.0,-1.0,7066,-1.0,False,-1.0,0.014654998977978983,1.5804032666666668,0.019824815927334916
15.0,leaky-relu,-1.0,-1,True,2.0,10.0,40.0,-1.0,0.0,0.0,177,5.0,-1.0,leaky-relu,-1,-1.0,-1.0,32646,-1.0,False,-1.0,0.014547820358226667,1.5668399333333334,0.019936201015176416
15.0,leaky-relu,-1.0,-1,True,2.0,10.0,20.0,-1.0,0.0,0.0,167,3.0,-1.0,leaky-relu,-1,-1.0,-1.0,15466,-1.0,False,-1.0,0.014787971973419134,1.5926210333333335,0.0200049797017327
8.0,leaky-relu,-1.0,-1,True,2.0,5.0,60.0,-1.0,0.0,0.0,181,2.0,-1.0,leaky-relu,-1,-1.0,-1.0,3311,-1.0,False,-1.0,0.0161119618763526,1.7284372166666666,0.020730205653050834
23.0,leaky-relu,-1.0,-1,True,2.0,15.0,20.0,-1.0,0.0,0.0,171,5.0,-1.0,leaky-relu,-1,-1.0,-1.0,72586,-1.0,False,-1.0,0.015660898604740636,1.6929101,0.020812474031265415
-1.0,-1,8.0,leaky-relu,False,-1.0,-1.0,-1.0,0.0,-1.0,-1.0,118,-1.0,0.0,-1,leaky-relu,2.0,5.0,4175,40.0,True,3.0,0.016752835207929168,1.7926662416666668,0.02084213400460372
8.0,leaky-relu,-1.0,-1,True,2.0,5.0,20.0,-1.0,0.0,0.0,164,3.0,-1.0,leaky-relu,-1,-1.0,-1.0,5071,-1.0,False,-1.0,0.015927804789195418,1.7216868333333333,0.02296572091810213
23.0,leaky-relu,-1.0,-1,True,2.0,15.0,20.0,-1.0,0.0,0.0,169,2.0,-1.0,leaky-relu,-1,-1.0,-1.0,14626,-1.0,False,-1.0,0.018986180890351482,2.051918516666667,0.025315772308014965
-1.0,-1,-1.0,-1,-1,-1.0,-1.0,-1.0,-1.0,-1.0,-1.0,-1,-1.0,-1.0,-1,-1,-1.0,-1.0,13662,-1.0,-1,-1.0,0.02459927524129545,2.647652783333333,0.029663511973072265
23.0,leaky-relu,8.0,leaky-relu,True,-1.0,15.0,-1.0,-1.0,0.0,-1.0,7,2.0,0.0,-1,-1,2.0,5.0,15299,-1.0,True,-1.0,0.0242042740962157,2.5909702500000003,0.030541590668911184
